<?xml version="1.0" encoding="UTF-8" ?>
<!DOCTYPE mapper PUBLIC "-//mybatis.org//DTD Mapper 3.0//EN" "http://mybatis.org/dtd/mybatis-3-mapper.dtd" >
<mapper namespace="com.ftoul.bi.etl.mapper.JobInstMapper" >
    <resultMap id="JobInstMap" type="com.ftoul.bi.etl.model.JobInst" >
        <result column="inst_id" property="instId" jdbcType="INTEGER" />
        <result column="job_id" property="jobId" jdbcType="VARCHAR" />
        <result column="data_date" property="dataDate" jdbcType="VARCHAR" />
        <result column="start_time" property="startTime" jdbcType="TIMESTAMP" />
        <result column="end_time" property="endTime" jdbcType="TIMESTAMP" />
        <result column="status" property="status" jdbcType="INTEGER" />
        <result column="jobType" property="jobType" jdbcType="INTEGER" />
        <result column="jobName" property="jobName" jdbcType="VARCHAR" />
        <result column="jobCode" property="jobCode" jdbcType="VARCHAR" />
    </resultMap>

    <sql id="Base_Column_List" >
        a.inst_id,a.job_id,a.data_date,a.start_time,a.end_time,a.status,
        case when b.ds_id is not null then 1 else 2 end jobType,
        ifnull(b.ds_name, c.job_name) jobName,
        ifnull(b.src_tab_nam, c.cmd_nam) jobCode
    </sql>

    <select id="getList" resultMap="JobInstMap" parameterType="HashMap">
        select
        <include refid="Base_Column_List" />
        from t_job_inst a
              left join t_ds_def b on a.job_id = b.ds_id
              left join t_job_def c on a.job_id=c.job_id
      Where 1=1
        <if test="jobInst.dataDate != null" >
            AND A.data_date=#{jobInst.dataDate}
        </if>
        <if test="jobInst.jobId != null and jobInst.jobId != 0">
            AND A.job_id=${jobInst.jobId}
        </if>
        <if test="jobInst.status != null and jobInst.status != -1">
            AND A.status = ${jobInst.status}
        </if>
        order by a.data_date desc, a.start_time desc
        limit #{pageIndex}, #{pageSize}
    </select>

    <select id="getCount" parameterType="com.ftoul.bi.etl.model.JobInst" resultType="java.lang.Integer" >
        select count(*)
        from t_job_inst a
        Where 1=1
        <if test="dataDate != null" >
            AND A.data_date=#{dataDate}
        </if>
        <if test="jobId != null and jobId != 0">
            AND A.job_id=${jobId}
        </if>
        <if test="status != null and status != -1">
            AND A.status = ${status}
        </if>
    </select>

    <select id="getInstLog" parameterType="java.lang.Integer" resultType="java.lang.String">
        select job_log
          from t_inst_log
        where inst_id = #{instId}
    </select>

    <select id="instJob" parameterType="java.lang.Integer" resultMap="JobInstMap" >
        select
              a.inst_id,a.job_id,a.data_date,a.start_time,a.end_time,a.status
        from t_job_inst a
        where job_id =${jobId}
    </select>

    <update id="redoInsts" >
        update t_err_inst set status=1
        where status=0 and inst_id in
        <foreach collection="ids" index="index" item="id"
                 separator="," open="(" close=")">
            #{id,jdbcType=BIGINT}
        </foreach>
    </update>
</mapper>