<?xml version="1.0" encoding="UTF-8" ?>
<!DOCTYPE mapper PUBLIC "-//mybatis.org//DTD Mapper 3.0//EN" "http://mybatis.org/dtd/mybatis-3-mapper.dtd" >
<mapper namespace="com.ftoul.bi.etl.mapper.JobRefMapper" >
    <resultMap id="JobRefMap" type="com.ftoul.bi.etl.model.JobRef" >
        <id column="job_id" property="jobId" jdbcType="INTEGER" />
        <result column="ref_job_id" property="refJobId" jdbcType="INTEGER" />
        <result column="ref_type" property="refType" jdbcType="VARCHAR" />
    </resultMap>
    <sql id="Base_Column_List" >
        job_id,ref_job_id,ref_type
    </sql>
    <select id="getById" resultMap="JobRefMap" parameterType="java.lang.Integer" >
        select
        <include refid="Base_Column_List" />
        from t_job_ref
        where job_id = #{jobId,jdbcType=INTEGER}
    </select>
    <!-- 这个方法是我自己加的 -->
    <select id="getList" resultMap="JobRefMap">
        select
        <include refid="Base_Column_List" />
        from t_job_ref
    </select>
    <delete id="delete" parameterType="com.ftoul.bi.etl.model.JobRef" >
        delete from t_job_ref
        where job_id = #{jobId,jdbcType=INTEGER}
          and ref_job_id=#{refJobId, jdbcType=INTEGER}
          and ref_type=#{refType,jdbcType=INTEGER}
    </delete>
    <insert id="add" parameterType="com.ftoul.bi.etl.model.JobRef" >
        insert into t_job_ref (job_id,ref_job_id,ref_type)
        values (#{jobId,jdbcType=INTEGER}, #{refJobId,jdbcType=INTEGER}, #{refType,jdbcType=INTEGER})
    </insert>

    <update id="update" parameterType="com.ftoul.bi.etl.model.JobRef">
        update t_job_ref set REF_TYPE=#{refType,jdbcType=INTEGER}
         where job_id=#{jobId, jdbcType=INTEGER}
           and ref_job_id=#{refJobId, jdbcType=INTEGER}
    </update>


    <insert id="addRefs">
        insert into t_job_ref (job_id,ref_job_id,ref_type)
        values
        <foreach collection="refs" item="ref" separator=",">
            (#{ref.jobId,jdbcType=INTEGER}, #{ref.refJobId,jdbcType=INTEGER}, #{ref.refType,jdbcType=INTEGER})
        </foreach>
    </insert>
</mapper>